Log T [K],diffential emission measure [1/cm^5/K]
4.00,1.77623e+25
4.01,4.43582e+24
4.02,4.29327e+24
4.03,4.62614e+24
4.04,5.18460e+24
4.05,5.15259e+24
4.06,5.26977e+24
4.07,5.24969e+24
4.08,5.39433e+24
4.09,5.56937e+24
4.10,5.58275e+24
4.11,5.55270e+24
4.12,5.69657e+24
4.13,5.64684e+24
4.14,5.74248e+24
4.15,6.02612e+24
4.16,6.06369e+24
4.17,6.17027e+24
4.18,6.16915e+24
4.19,6.17506e+24
4.20,6.06172e+24
4.21,5.90091e+24
4.22,5.69026e+24
4.23,5.50360e+24
4.24,5.34229e+24
4.25,5.17002e+24
4.26,5.01576e+24
4.27,4.90388e+24
4.28,4.78477e+24
4.29,4.68734e+24
4.30,4.58830e+24
4.31,4.52348e+24
4.32,4.45383e+24
4.33,4.39026e+24
4.34,4.32802e+24
4.35,4.25499e+24
4.36,4.16355e+24
4.37,4.11120e+24
4.38,4.04698e+24
4.39,3.95818e+24
4.40,3.84154e+24
4.41,3.71773e+24
4.42,3.58507e+24
4.43,3.45408e+24
4.44,3.31257e+24
4.45,3.13736e+24
4.46,2.96236e+24
4.47,2.77051e+24
4.48,2.57234e+24
4.49,2.38479e+24
4.50,2.19341e+24
4.51,2.01569e+24
4.52,1.84063e+24
4.53,1.68606e+24
4.54,1.55065e+24
4.55,1.41982e+24
4.56,1.30074e+24
4.57,1.20734e+24
4.58,1.11423e+24
4.59,1.04188e+24
4.60,9.71840e+23
4.61,9.02379e+23
4.62,8.34932e+23
4.63,7.75826e+23
4.64,7.23747e+23
4.65,6.85981e+23
4.66,6.52453e+23
4.67,6.31091e+23
4.68,6.17712e+23
4.69,6.06030e+23
4.70,6.05249e+23
4.71,6.06908e+23
4.72,6.13357e+23
4.73,6.12292e+23
4.74,6.10464e+23
4.75,6.03420e+23
4.76,5.93319e+23
4.77,5.91447e+23
4.78,5.89155e+23
4.79,5.94096e+23
4.80,6.07982e+23
4.81,6.32007e+23
4.82,6.96927e+23
4.83,8.74196e+23
4.84,9.38879e+23
4.85,9.07741e+23
4.86,9.14939e+23
4.87,9.63102e+23
4.88,8.49620e+23
4.89,7.29236e+23
4.90,6.64579e+23
4.91,6.99521e+23
4.92,7.36129e+23
4.93,6.90061e+23
4.94,6.44126e+23
4.95,6.19156e+23
4.96,6.02075e+23
4.97,5.93993e+23
4.98,5.58463e+23
4.99,5.28994e+23
5.00,5.03198e+23
5.01,4.83918e+23
5.02,4.70144e+23
5.03,4.53065e+23
5.04,4.42703e+23
5.05,4.43166e+23
5.06,4.41395e+23
5.07,4.38964e+23
5.08,4.36890e+23
5.09,4.39751e+23
5.10,4.40866e+23
5.11,4.41848e+23
5.12,4.45207e+23
5.13,4.45514e+23
5.14,4.44338e+23
5.15,4.38926e+23
5.16,4.31756e+23
5.17,4.21981e+23
5.18,4.07540e+23
5.19,3.93059e+23
5.20,3.78901e+23
5.21,3.65641e+23
5.22,3.52362e+23
5.23,3.46246e+23
5.24,3.43079e+23
5.25,3.42848e+23
5.26,3.47671e+23
5.27,3.58845e+23
5.28,3.77601e+23
5.29,3.96528e+23
5.30,4.15174e+23
5.31,4.28176e+23
5.32,4.37169e+23
5.33,4.38284e+23
5.34,4.35534e+23
5.35,4.29516e+23
5.36,4.20417e+23
5.37,4.15993e+23
5.38,4.12678e+23
5.39,4.08990e+23
5.40,3.99535e+23
5.41,3.92891e+23
5.42,3.82846e+23
5.43,3.74388e+23
5.44,3.68333e+23
5.45,3.55039e+23
5.46,3.46215e+23
5.47,3.46724e+23
5.48,3.50551e+23
5.49,3.57092e+23
5.50,3.55745e+23
5.51,3.53476e+23
5.52,3.50256e+23
5.53,3.44320e+23
5.54,3.35587e+23
5.55,3.27436e+23
5.56,3.24627e+23
5.57,3.25655e+23
5.58,3.29600e+23
5.59,3.30019e+23
5.60,3.30037e+23
5.61,3.26510e+23
5.62,3.23424e+23
5.63,3.19392e+23
5.64,3.19524e+23
5.65,3.23482e+23
5.66,3.21102e+23
5.67,3.12080e+23
5.68,3.12536e+23
5.69,3.16891e+23
5.70,3.13687e+23
5.71,3.07575e+23
5.72,3.13027e+23
5.73,3.09122e+23
5.74,3.07631e+23
5.75,3.08187e+23
5.76,3.07222e+23
5.77,3.06540e+23
5.78,3.06409e+23
5.79,3.05513e+23
5.80,3.06854e+23
5.81,3.07446e+23
5.82,3.06745e+23
5.83,3.08676e+23
5.84,3.08792e+23
5.85,3.09559e+23
5.86,3.11242e+23
5.87,3.11623e+23
5.88,3.13630e+23
5.89,3.15069e+23
5.90,3.16375e+23
5.91,3.17984e+23
5.92,3.19672e+23
5.93,3.21386e+23
5.94,3.23054e+23
5.95,3.24641e+23
5.96,3.26511e+23
5.97,3.28110e+23
5.98,3.30333e+23
5.99,3.31385e+23
6.00,3.34058e+23
6.01,3.35430e+23
6.02,3.37176e+23
6.03,3.39006e+23
6.04,3.40805e+23
6.05,3.42371e+23
6.06,3.44238e+23
6.07,3.45918e+23
6.08,3.47500e+23
6.09,3.49370e+23
6.10,3.50889e+23
6.11,3.52527e+23
6.12,3.54100e+23
6.13,3.55703e+23
6.14,3.57275e+23
6.15,3.58801e+23
6.16,3.60280e+23
6.17,3.61760e+23
6.18,3.63202e+23
6.19,3.64645e+23
6.20,3.66045e+23
6.21,3.67478e+23
6.22,3.68802e+23
6.23,3.70212e+23
6.24,3.71558e+23
6.25,3.72918e+23
6.26,3.74308e+23
6.27,3.75637e+23
6.28,3.77029e+23
6.29,3.78432e+23
6.30,3.79840e+23
6.31,3.81298e+23
6.32,3.82780e+23
6.33,3.84298e+23
6.34,3.85863e+23
6.35,3.87458e+23
6.36,3.89114e+23
6.37,3.90803e+23
6.38,3.92562e+23
6.39,3.94358e+23
6.40,3.96211e+23
6.41,3.98113e+23
6.42,4.00074e+23
6.43,4.02090e+23
6.44,4.04170e+23
6.45,4.06309e+23
6.46,4.08498e+23
6.47,4.10755e+23
6.48,4.13074e+23
6.49,4.15447e+23
6.50,4.17885e+23
6.51,4.20379e+23
6.52,4.22938e+23
6.53,4.25556e+23
6.54,4.28233e+23
6.55,4.30979e+23
6.56,4.33787e+23
6.57,4.36674e+23
6.58,4.39629e+23
6.59,4.42670e+23
6.60,4.45798e+23
6.61,4.49015e+23
6.62,4.52340e+23
6.63,4.55785e+23
6.64,4.59353e+23
6.65,4.63048e+23
6.66,4.66922e+23
6.67,4.70942e+23
6.68,4.75167e+23
6.69,4.79586e+23
6.70,4.84248e+23
6.71,4.89161e+23
6.72,4.94371e+23
6.73,4.99883e+23
6.74,5.05745e+23
6.75,5.11996e+23
6.76,5.18667e+23
6.77,5.25835e+23
6.78,5.33524e+23
6.79,5.41800e+23
6.80,5.50776e+23
6.81,5.60512e+23
6.82,5.71161e+23
6.83,5.82830e+23
6.84,5.95611e+23
6.85,6.09558e+23
6.86,6.25333e+23
6.87,6.35210e+23
6.88,5.96582e+23
6.89,5.51759e+23
6.90,4.85936e+23
6.91,4.14349e+23
6.92,3.46452e+23
6.93,2.79211e+23
6.94,1.77093e+23
6.95,1.26225e+23
6.96,1.04556e+23
6.97,7.16964e+22
6.98,3.36057e+22
6.99,1.45621e+21
7.00,0.00000e+00
7.01,0.00000e+00
7.02,0.00000e+00
7.03,0.00000e+00
7.04,0.00000e+00
7.05,0.00000e+00
7.06,0.00000e+00
7.07,0.00000e+00
7.08,0.00000e+00
7.09,0.00000e+00
7.10,0.00000e+00
7.11,0.00000e+00
7.12,0.00000e+00
7.13,0.00000e+00
7.14,0.00000e+00
7.15,0.00000e+00
7.16,0.00000e+00
7.17,0.00000e+00
7.18,0.00000e+00
7.19,0.00000e+00
7.20,0.00000e+00
7.21,0.00000e+00
7.22,0.00000e+00
7.23,0.00000e+00
7.24,0.00000e+00
7.25,0.00000e+00
7.26,0.00000e+00
7.27,0.00000e+00
7.28,0.00000e+00
7.29,0.00000e+00
7.30,0.00000e+00
7.31,0.00000e+00
7.32,0.00000e+00
7.33,0.00000e+00
7.34,0.00000e+00
7.35,0.00000e+00
7.36,0.00000e+00
7.37,0.00000e+00
7.38,0.00000e+00
7.39,0.00000e+00
7.40,0.00000e+00
7.41,0.00000e+00
7.42,0.00000e+00
7.43,0.00000e+00
7.44,0.00000e+00
7.45,0.00000e+00
7.46,0.00000e+00
7.47,0.00000e+00
7.48,0.00000e+00
7.49,0.00000e+00
7.50,0.00000e+00
